{"teta0": 2.3499720687899147e-16, "teta1": -0.856102460183749, "mile_mean": 101066.25, "price_mean": 6331.833333333333, "mile_std": 51565.1899106445, "price_std": 1291.8688873961717}